datetime_,predicted_pool_price
2025-03-22 01:00:00,43.652534
2025-03-22 02:00:00,45.241932
2025-03-22 03:00:00,45.208706
2025-03-22 04:00:00,45.171886
2025-03-22 05:00:00,48.06828
2025-03-22 06:00:00,52.631159999999994
2025-03-22 07:00:00,55.136524
2025-03-22 08:00:00,44.954665999999996
2025-03-22 09:00:00,33.782455
2025-03-22 10:00:00,32.577071999999994
2025-03-22 11:00:00,33.17751
2025-03-22 12:00:00,32.823704
2025-03-22 13:00:00,33.355259999999994
2025-03-22 14:00:00,32.960471999999996
2025-03-22 15:00:00,31.397546999999996
2025-03-22 16:00:00,32.506479999999996
2025-03-22 17:00:00,36.766865
2025-03-22 18:00:00,45.918423
2025-03-22 19:00:00,53.57038000000001
2025-03-22 20:00:00,51.73281
2025-03-22 21:00:00,49.627407
2025-03-22 22:00:00,46.42654
2025-03-22 23:00:00,42.581158
2025-03-23 00:00:00,37.4306
2025-03-25 00:00:00,28.77176284790039
2025-03-25 01:00:00,29.07858848571777
2025-03-25 02:00:00,28.738567352294922
2025-03-25 03:00:00,28.67300796508789
2025-03-25 04:00:00,31.647720336914066
2025-03-25 05:00:00,40.59280776977539
2025-03-25 06:00:00,57.34590530395508
2025-03-25 07:00:00,65.97746276855469
2025-03-25 08:00:00,43.86019515991211
2025-03-25 09:00:00,30.8262939453125
2025-03-25 10:00:00,29.199804306030273
2025-03-25 11:00:00,29.844078063964844
2025-03-25 12:00:00,30.71842193603516
2025-03-25 13:00:00,32.668800354003906
2025-03-25 14:00:00,34.688751220703125
2025-03-25 22:00:00,28.04208374023437
2025-03-25 23:00:00,24.454071044921875
2025-03-26 00:00:00,22.85155487060547
2025-03-26 01:00:00,23.47579002380371
2025-03-26 02:00:00,23.849544525146484
2025-03-26 03:00:00,25.89416694641113
2025-03-26 04:00:00,32.177841186523445
2025-03-26 05:00:00,44.44132995605469
2025-03-26 06:00:00,68.07755279541016
2025-03-26 07:00:00,80.52264404296875
2025-03-26 08:00:00,116.7501449584961
2025-03-26 09:00:00,58.71225357055664
2025-03-26 10:00:00,31.841630935668945
2025-03-26 11:00:00,34.32851791381836
2025-03-26 12:00:00,37.31340789794922
2025-03-26 13:00:00,34.617794036865234
2025-03-26 14:00:00,32.89361953735352
2025-03-26 22:00:00,18.4775390625
2025-03-26 23:00:00,17.21584129333496
2025-03-27 00:00:00,13.559523582458494
2025-03-27 01:00:00,13.278057098388672
2025-03-27 02:00:00,13.483901023864744
2025-03-27 03:00:00,14.540566444396973
2025-03-27 04:00:00,16.46805191040039
2025-03-27 05:00:00,19.088218688964844
2025-03-27 06:00:00,26.47168731689453
2025-03-27 07:00:00,35.62441635131836
2025-03-27 08:00:00,29.613697052001953
2025-03-27 09:00:00,30.69846534729004
2025-03-27 10:00:00,32.19156265258789
2025-03-27 11:00:00,32.994461059570305
2025-03-27 12:00:00,34.01360321044922
2025-03-27 13:00:00,30.00302505493164
2025-03-27 14:00:00,29.272356033325195
2025-03-27 22:00:00,22.555316925048828
2025-03-27 23:00:00,22.801433563232425
2025-03-28 00:00:00,23.162738800048828
2025-03-28 01:00:00,25.86472320556641
2025-03-28 02:00:00,26.993253707885746
2025-03-28 03:00:00,27.036481857299805
2025-03-28 04:00:00,28.91946029663086
2025-03-28 05:00:00,34.46316909790039
2025-03-28 06:00:00,42.999549865722656
2025-03-28 07:00:00,51.84511184692383
2025-03-28 08:00:00,48.48346710205078
2025-03-28 09:00:00,41.09988403320313
2025-03-28 10:00:00,39.81486892700195
2025-03-28 11:00:00,39.13555145263672
2025-03-28 12:00:00,38.83747482299805
2025-03-28 13:00:00,39.91336059570313
2025-03-28 14:00:00,43.13939666748047
2025-03-28 22:00:00,45.99306869506836
2025-03-28 23:00:00,46.10774612426758
2025-03-29 00:00:00,43.71198272705078
2025-03-29 01:00:00,54.06410598754883
2025-03-29 02:00:00,46.69143295288086
2025-03-29 03:00:00,46.05648422241211
2025-03-29 04:00:00,49.19621276855469
2025-03-29 05:00:00,54.31772232055664
2025-03-29 06:00:00,59.8699836730957
2025-03-29 07:00:00,68.9068603515625
2025-03-29 08:00:00,68.79550170898439
2025-03-29 09:00:00,65.9063720703125
2025-03-29 10:00:00,389.0097961425781
2025-03-29 11:00:00,177.3790740966797
2025-03-29 12:00:00,41.59984970092773
2025-03-29 13:00:00,36.86161422729492
2025-03-29 14:00:00,63.2539176940918
2025-03-29 15:00:00,50.86398696899414
2025-03-29 16:00:00,45.7146110534668
2025-03-29 17:00:00,47.01011276245117
2025-03-29 18:00:00,58.97541427612305
2025-03-29 19:00:00,64.56063842773439
2025-03-29 20:00:00,67.375244140625
2025-03-29 21:00:00,54.07229995727539
2025-04-02 22:00:00,38.42733383178711
2025-04-02 23:00:00,41.80949783325195
2025-04-03 00:00:00,42.33858871459961
2025-04-03 01:00:00,42.21775817871094
2025-04-03 02:00:00,39.51913070678711
2025-04-03 03:00:00,34.98299789428711
2025-04-03 04:00:00,30.739803314208984
2025-04-03 05:00:00,30.89281463623047
2025-04-03 06:00:00,32.153194427490234
2025-04-03 07:00:00,28.83053207397461
2025-04-03 08:00:00,22.051380157470703
2025-04-03 09:00:00,18.960851669311523
2025-04-03 10:00:00,18.156841278076172
2025-04-03 11:00:00,18.451229095458984
2025-04-03 12:00:00,19.16541862487793
2025-04-03 13:00:00,20.69293212890625
2025-04-03 14:00:00,22.153987884521484
2025-04-03 22:00:00,64.98233032226561
2025-04-03 23:00:00,44.7273063659668
2025-04-04 00:00:00,47.95791244506836
2025-04-04 01:00:00,52.26652908325195
2025-04-04 02:00:00,44.87096786499024
2025-04-04 03:00:00,41.15269088745117
2025-04-04 04:00:00,38.62697219848633
2025-04-04 05:00:00,40.95518112182617
2025-04-04 06:00:00,45.69842529296875
2025-04-04 07:00:00,38.42564010620117
2025-04-04 08:00:00,24.97394943237305
2025-04-04 09:00:00,21.582595825195312
2025-04-04 10:00:00,20.586627960205078
2025-04-04 11:00:00,21.899139404296875
2025-04-04 12:00:00,23.334064483642567
2025-04-04 13:00:00,25.45187759399414
2025-04-04 14:00:00,26.32162857055664
2025-04-04 22:00:00,33.749134063720696
2025-04-04 23:00:00,37.47490692138672
2025-04-05 00:00:00,29.90610122680664
2025-04-05 01:00:00,25.314224243164066
2025-04-05 02:00:00,24.74799346923828
2025-04-05 03:00:00,24.52651596069336
2025-04-05 04:00:00,24.91304016113281
2025-04-05 05:00:00,25.58111000061035
2025-04-05 06:00:00,26.26292991638184
2025-04-05 07:00:00,23.36281776428223
2025-04-05 08:00:00,20.03725814819336
2025-04-05 09:00:00,16.80214500427246
2025-04-05 10:00:00,15.874550819396973
2025-04-05 11:00:00,16.666147232055664
2025-04-05 12:00:00,18.14008903503418
2025-04-05 13:00:00,19.210716247558594
2025-04-05 14:00:00,19.684326171875
2025-04-05 22:00:00,32.658416748046875
2025-04-05 23:00:00,21.887088775634766
2025-04-06 00:00:00,18.85775375366211
2025-04-06 01:00:00,17.42689323425293
2025-04-06 02:00:00,17.102760314941403
2025-04-06 03:00:00,17.341947555541992
2025-04-06 04:00:00,18.541170120239254
2025-04-06 05:00:00,22.30877685546875
2025-04-06 06:00:00,32.458541870117195
2025-04-06 07:00:00,20.875572204589844
2025-04-06 08:00:00,14.45141887664795
2025-04-06 09:00:00,13.251752853393555
2025-04-06 10:00:00,13.082599639892578
2025-04-06 11:00:00,13.194291114807127
2025-04-06 12:00:00,12.793437004089355
2025-04-06 13:00:00,13.589556694030762
2025-04-06 14:00:00,17.16075325012207
2025-04-06 22:00:00,15.426614761352539
2025-04-06 23:00:00,13.455259323120115
2025-04-07 00:00:00,10.36782455444336
2025-04-07 01:00:00,9.765231132507324
2025-04-07 02:00:00,9.383652687072754
2025-04-07 03:00:00,9.324701309204102
2025-04-07 04:00:00,9.720625877380373
2025-04-07 05:00:00,10.462903022766113
2025-04-07 06:00:00,12.872809410095215
2025-04-07 07:00:00,14.624618530273438
2025-04-07 08:00:00,13.514115333557127
2025-04-07 09:00:00,13.97537326812744
2025-04-07 22:00:00,14.617890357971193
2025-04-07 23:00:00,12.627275466918945
2025-04-08 00:00:00,9.199931144714355
2025-04-08 01:00:00,8.92822265625
2025-04-08 02:00:00,9.007123947143555
2025-04-08 03:00:00,9.193419456481934
2025-04-08 04:00:00,9.756271362304688
2025-04-08 05:00:00,11.501782417297365
2025-04-08 06:00:00,13.62216854095459
2025-04-08 07:00:00,14.391961097717285
2025-04-08 08:00:00,13.736391067504885
2025-04-08 09:00:00,13.51330852508545
2025-04-08 10:00:00,14.66305923461914
2025-04-08 11:00:00,17.035137176513672
2025-04-08 12:00:00,18.96331787109375
2025-04-08 13:00:00,19.308109283447266
2025-04-08 14:00:00,19.50926399230957
2025-04-08 22:00:00,19.026611328125
2025-04-08 23:00:00,17.197805404663086
2025-04-09 00:00:00,14.487345695495605
2025-04-09 01:00:00,14.432583808898926
2025-04-09 02:00:00,14.134554862976074
2025-04-09 03:00:00,13.485709190368652
2025-04-09 04:00:00,13.348581314086914
2025-04-09 05:00:00,14.802203178405762
2025-04-09 06:00:00,16.947479248046875
2025-04-09 07:00:00,17.320842742919922
2025-04-09 08:00:00,14.232202529907227
2025-04-09 09:00:00,14.334745407104492
2025-04-09 10:00:00,15.39806079864502
2025-04-09 11:00:00,17.451667785644528
2025-04-09 12:00:00,18.938270568847656
2025-04-09 13:00:00,19.37176513671875
2025-04-09 14:00:00,19.851259231567386
2025-04-09 22:00:00,20.069862365722656
2025-04-09 23:00:00,18.11060333251953
2025-04-10 00:00:00,14.902718544006348
2025-04-10 01:00:00,14.31653881072998
2025-04-10 02:00:00,14.859185218811035
2025-04-10 03:00:00,14.763592720031738
2025-04-10 04:00:00,15.61272144317627
2025-04-10 05:00:00,20.62750816345215
2025-04-10 06:00:00,37.04835891723633
2025-04-10 07:00:00,31.183238983154297
2025-04-10 08:00:00,19.80472183227539
2025-04-10 09:00:00,18.79655265808105
2025-04-10 10:00:00,18.89254379272461
2025-04-10 11:00:00,18.969959259033203
2025-04-10 12:00:00,19.346324920654297
2025-04-10 13:00:00,19.901500701904297
2025-04-10 14:00:00,19.49323272705078
2025-04-10 22:00:00,13.813334465026855
2025-04-10 23:00:00,11.760797500610352
2025-04-11 00:00:00,7.965800762176514
2025-04-11 01:00:00,7.109766483306885
2025-04-11 02:00:00,6.608288288116455
2025-04-11 03:00:00,6.361351013183594
2025-04-11 04:00:00,7.449078559875487
2025-04-11 05:00:00,9.14467716217041
2025-04-11 06:00:00,10.868500709533693
2025-04-11 07:00:00,21.817359924316406
2025-04-11 08:00:00,48.05472946166992
2025-04-11 09:00:00,14.170364379882812
2025-04-11 10:00:00,10.620993614196776
2025-04-11 11:00:00,11.357572555541992
2025-04-11 12:00:00,11.832411766052244
2025-04-11 13:00:00,12.812748908996582
2025-04-11 14:00:00,13.8892240524292
2025-04-11 22:00:00,16.83554458618164
2025-04-11 23:00:00,13.413633346557615
2025-04-12 00:00:00,10.965062141418457
2025-04-12 01:00:00,11.095046043395996
2025-04-12 02:00:00,12.150639533996582
2025-04-12 03:00:00,15.550068855285645
2025-04-12 04:00:00,18.53277587890625
2025-04-12 05:00:00,18.81350326538086
2025-04-12 06:00:00,22.03693008422852
2025-04-12 07:00:00,17.470430374145508
2025-04-12 08:00:00,14.840880393981935
2025-04-12 09:00:00,15.331893920898438
2025-04-12 10:00:00,16.617280960083008
2025-04-12 11:00:00,16.361125946044922
2025-04-12 12:00:00,15.82601833343506
2025-04-12 13:00:00,16.576278686523438
2025-04-12 14:00:00,17.505966186523438
2025-04-12 22:00:00,14.991143226623535
2025-04-12 23:00:00,13.771772384643555
2025-04-13 00:00:00,11.539652824401855
2025-04-13 01:00:00,11.220254898071287
2025-04-13 02:00:00,10.836153030395508
2025-04-13 03:00:00,10.756619453430176
2025-04-13 04:00:00,11.079012870788574
2025-04-13 05:00:00,11.930638313293455
2025-04-13 06:00:00,12.798014640808105
2025-04-13 07:00:00,12.383898735046387
2025-04-13 08:00:00,11.57440948486328
2025-04-13 09:00:00,10.913493156433104
2025-04-13 10:00:00,11.20533275604248
2025-04-13 11:00:00,11.625094413757324
2025-04-13 12:00:00,11.663256645202635
2025-04-13 13:00:00,11.613240242004395
2025-04-13 14:00:00,11.85055923461914
2025-04-13 22:00:00,52.8765869140625
2025-04-13 23:00:00,40.69736862182617
2025-04-14 00:00:00,30.06425857543945
2025-04-14 01:00:00,34.076904296875
2025-04-14 02:00:00,35.110652923583984
2025-04-14 03:00:00,35.146312713623054
2025-04-14 04:00:00,43.66412734985352
2025-04-14 05:00:00,67.68710327148439
2025-04-14 06:00:00,95.3797378540039
2025-04-14 07:00:00,76.91462707519531
2025-04-14 08:00:00,30.21981430053711
2025-04-14 09:00:00,23.46526336669922
2025-04-14 10:00:00,27.07034683227539
2025-04-14 11:00:00,30.619783401489247
2025-04-14 12:00:00,30.541114807128906
2025-04-14 13:00:00,36.35254287719727
2025-04-14 14:00:00,35.87422561645508
2025-04-14 22:00:00,15.657648086547852
2025-04-14 23:00:00,12.704318046569824
2025-04-15 00:00:00,11.628213882446287
2025-04-15 01:00:00,11.19125747680664
2025-04-15 02:00:00,9.770601272583008
2025-04-15 03:00:00,9.740069389343262
2025-04-15 04:00:00,11.281634330749512
2025-04-15 05:00:00,14.45015811920166
2025-04-15 06:00:00,20.409706115722656
2025-04-15 07:00:00,30.11306571960449
2025-04-15 08:00:00,31.69696807861328
2025-04-15 09:00:00,13.86581325531006
2025-04-15 10:00:00,12.938433647155762
2025-04-15 11:00:00,14.49169921875
2025-04-15 12:00:00,16.577093124389652
2025-04-15 13:00:00,20.251298904418945
2025-04-15 14:00:00,19.157329559326172
2025-04-15 17:00:00,38.06467819213867
2025-04-15 18:00:00,45.03093719482422
2025-04-15 19:00:00,51.01242446899414
2025-04-15 20:00:00,42.22077560424805
2025-04-15 21:00:00,25.891155242919922
2025-04-15 22:00:00,16.693246841430664
2025-04-15 23:00:00,12.38693904876709
2025-04-16 00:00:00,8.927206039428711
2025-04-16 01:00:00,8.919302940368652
2025-04-16 02:00:00,9.19821071624756
2025-04-16 03:00:00,10.547710418701172
2025-04-16 04:00:00,11.638442039489744
2025-04-16 05:00:00,17.310710906982422
2025-04-16 06:00:00,23.17298889160156
2025-04-16 07:00:00,22.312131881713867
2025-04-16 08:00:00,16.901559829711914
2025-04-16 09:00:00,14.895914077758787
2025-04-16 10:00:00,14.009916305541992
2025-04-16 11:00:00,13.597827911376953
2025-04-16 12:00:00,13.530861854553224
2025-04-16 13:00:00,14.07945728302002
2025-04-16 14:00:00,14.53100299835205
2025-04-16 15:00:00,14.776955604553224
2025-04-16 16:00:00,14.877737998962402
2025-04-16 17:00:00,15.788973808288574
2025-04-16 18:00:00,15.83461856842041
2025-04-16 19:00:00,17.510562896728516
2025-04-16 20:00:00,19.27532958984375
2025-04-16 21:00:00,19.839733123779297
2025-04-16 22:00:00,22.425662994384766
2025-04-16 23:00:00,22.033287048339844
2025-04-17 00:00:00,20.17220115661621
2025-04-17 01:00:00,17.897048950195312
2025-04-17 02:00:00,16.442676544189453
2025-04-17 03:00:00,16.32968521118164
2025-04-17 04:00:00,17.599557876586914
2025-04-17 05:00:00,20.11178207397461
2025-04-17 06:00:00,22.020153045654297
2025-04-17 07:00:00,19.377315521240234
2025-04-17 08:00:00,16.71390724182129
2025-04-17 09:00:00,15.165384292602539
2025-04-17 10:00:00,14.937601089477539
2025-04-17 11:00:00,15.771618843078613
2025-04-17 12:00:00,16.571353912353516
2025-04-17 13:00:00,16.93551254272461
2025-04-17 14:00:00,17.139896392822266
2025-04-17 15:00:00,17.163930892944336
2025-04-17 16:00:00,16.601802825927734
2025-04-17 17:00:00,16.030387878417972
2025-04-17 18:00:00,15.03115940093994
2025-04-17 19:00:00,16.610954284667972
2025-04-17 20:00:00,29.235279083251953
2025-04-17 21:00:00,45.41847610473633
2025-04-17 22:00:00,47.75172424316406
2025-04-17 23:00:00,55.90457534790039
2025-04-18 00:00:00,58.27066421508789
2025-04-18 01:00:00,62.876747131347656
2025-04-18 02:00:00,54.92061233520508
2025-04-18 03:00:00,47.53802871704102
2025-04-18 04:00:00,47.50676345825195
2025-04-18 05:00:00,49.84135818481445
2025-04-18 06:00:00,41.11063766479492
2025-04-18 07:00:00,20.972028732299805
2025-04-18 08:00:00,17.013042449951172
2025-04-18 09:00:00,16.11784553527832
2025-04-18 10:00:00,16.879121780395508
2025-04-18 11:00:00,16.582387924194336
2025-04-18 12:00:00,16.300207138061527
2025-04-18 13:00:00,17.923084259033203
2025-04-18 14:00:00,19.497947692871094
2025-04-18 15:00:00,19.92562484741211
2025-04-18 16:00:00,21.33749008178711
2025-04-18 17:00:00,19.53144645690918
2025-04-18 18:00:00,16.79092788696289
2025-04-18 19:00:00,15.034423828125
2025-04-18 20:00:00,15.031508445739744
2025-04-18 21:00:00,13.57414722442627
2025-04-18 22:00:00,11.882357597351074
2025-04-18 23:00:00,10.695204734802246
2025-04-19 00:00:00,13.337145805358887
2025-04-19 01:00:00,11.53135585784912
2025-04-19 02:00:00,6.912482261657715
2025-04-19 03:00:00,6.786081790924072
2025-04-19 04:00:00,6.864253520965576
2025-04-19 05:00:00,8.17031192779541
2025-04-19 06:00:00,8.779566764831543
2025-04-19 07:00:00,8.900554656982422
2025-04-19 08:00:00,10.035417556762695
2025-04-19 09:00:00,9.344443321228027
2025-04-19 10:00:00,9.97549533843994
2025-04-19 11:00:00,11.895064353942873
2025-04-19 12:00:00,15.501053810119627
2025-04-19 13:00:00,18.403215408325195
2025-04-19 14:00:00,23.914440155029297
2025-04-19 15:00:00,25.58293151855469
2025-04-19 16:00:00,23.62197494506836
2025-04-19 17:00:00,23.85163116455078
2025-04-19 18:00:00,36.91611862182617
2025-04-19 19:00:00,44.56836318969727
2025-04-19 20:00:00,54.01702499389648
2025-04-19 21:00:00,43.018836975097656
2025-04-19 22:00:00,32.821521759033196
2025-04-19 23:00:00,31.65637016296387
2025-04-20 00:00:00,28.9093074798584
2025-04-20 01:00:00,27.789363861083984
2025-04-20 02:00:00,27.146732330322266
2025-04-20 03:00:00,26.211488723754893
2025-04-20 04:00:00,27.66767120361328
2025-04-20 05:00:00,33.458187103271484
2025-04-20 06:00:00,41.332130432128906
2025-04-20 07:00:00,40.51955795288086
2025-04-20 08:00:00,44.08070755004883
2025-04-20 09:00:00,44.32391357421875
2025-04-20 10:00:00,42.60029983520508
2025-04-20 11:00:00,38.233646392822266
2025-04-20 12:00:00,39.69267654418945
2025-04-20 13:00:00,46.62250900268555
2025-04-20 14:00:00,59.67295455932617
2025-04-20 15:00:00,75.8428955078125
2025-04-20 16:00:00,81.40093994140625
2025-04-20 17:00:00,88.9674072265625
2025-04-20 18:00:00,93.65664672851562
2025-04-20 19:00:00,104.06666564941406
2025-04-20 20:00:00,101.2919464111328
2025-04-20 21:00:00,79.10438537597656
2025-04-20 22:00:00,51.69102096557617
2025-04-20 23:00:00,44.1600456237793
2025-04-21 00:00:00,42.577430725097656
2025-04-21 01:00:00,45.51705932617188
2025-04-21 02:00:00,47.29129028320313
2025-04-21 03:00:00,42.93989181518555
2025-04-21 04:00:00,43.615234375
2025-04-21 05:00:00,56.87955093383789
2025-04-21 06:00:00,72.10646057128906
2025-04-21 07:00:00,71.04957580566406
2025-04-21 08:00:00,60.65911102294922
2025-04-21 09:00:00,57.15718460083008
2025-04-21 10:00:00,46.28346633911133
2025-04-21 11:00:00,67.40300750732422
2025-04-21 12:00:00,49.51218032836914
2025-04-21 13:00:00,45.11737442016602
2025-04-21 14:00:00,52.14106369018555
2025-04-21 15:00:00,63.28820419311523
2025-04-21 16:00:00,60.24699783325195
2025-04-21 17:00:00,74.78868103027344
2025-04-21 18:00:00,77.36957550048828
2025-04-21 19:00:00,114.36648559570312
2025-04-21 20:00:00,176.11614990234375
2025-04-21 21:00:00,131.16819763183594
2025-04-21 22:00:00,131.3775634765625
2025-04-21 23:00:00,55.38482284545898
2025-04-22 00:00:00,74.23777770996094
2025-04-22 01:00:00,57.99441146850586
2025-04-22 02:00:00,41.088226318359375
2025-04-22 03:00:00,33.24876022338867
2025-04-22 04:00:00,34.160720825195305
2025-04-22 05:00:00,49.91213989257813
2025-04-22 06:00:00,62.63991928100586
2025-04-22 07:00:00,76.05355834960938
2025-04-22 08:00:00,46.10712814331055
2025-04-22 09:00:00,34.434349060058594
2025-04-22 10:00:00,50.14369201660156
2025-04-22 11:00:00,30.96384429931641
2025-04-22 12:00:00,21.31645965576172
2025-04-22 13:00:00,20.595970153808594
2025-04-22 14:00:00,20.47735977172852
2025-04-22 15:00:00,20.58686637878418
2025-04-22 16:00:00,25.00947189331055
2025-04-22 17:00:00,32.50141143798828
2025-04-22 18:00:00,51.21215438842773
2025-04-22 19:00:00,142.01217651367188
2025-04-22 20:00:00,152.39691162109375
2025-04-22 21:00:00,78.78350830078125
2025-04-22 22:00:00,37.07299423217773
2025-04-22 23:00:00,29.98857879638672
2025-04-23 00:00:00,24.66092109680176
2025-04-23 01:00:00,25.62501335144043
2025-04-23 02:00:00,24.92514419555664
2025-04-23 03:00:00,26.125202178955078
2025-04-23 04:00:00,30.1057243347168
2025-04-23 05:00:00,40.56834030151367
2025-04-23 06:00:00,41.13520431518555
2025-04-23 07:00:00,23.583162307739247
2025-04-23 08:00:00,21.203094482421875
2025-04-23 09:00:00,21.37275505065918
2025-04-23 10:00:00,21.610679626464844
2025-04-23 11:00:00,23.30404281616211
2025-04-23 12:00:00,29.53003692626953
2025-04-23 13:00:00,35.92024612426758
2025-04-23 14:00:00,40.25899124145508
2025-04-23 15:00:00,44.94955062866211
2025-04-23 16:00:00,53.14381790161133
2025-04-23 17:00:00,61.801734924316406
2025-04-23 18:00:00,100.3623275756836
2025-04-23 19:00:00,138.291259765625
2025-04-23 20:00:00,183.89671325683602
2025-04-23 21:00:00,210.51788330078125
2025-04-23 22:00:00,102.35931396484376
2025-04-23 23:00:00,81.7728271484375
2025-04-24 00:00:00,57.78779220581055
2025-04-24 01:00:00,55.81229019165039
2025-04-24 02:00:00,54.07709121704102
2025-04-24 03:00:00,55.81574630737305
2025-04-24 04:00:00,68.87919616699219
2025-04-24 05:00:00,92.48788452148438
2025-04-24 06:00:00,106.54637145996094
2025-04-24 07:00:00,70.67697143554688
2025-04-24 08:00:00,36.68282699584961
2025-04-24 09:00:00,28.491455078125
2025-04-24 10:00:00,32.406749725341804
2025-04-24 11:00:00,42.44601821899414
2025-04-24 12:00:00,48.40016174316406
2025-04-24 13:00:00,54.8004035949707
2025-04-24 14:00:00,63.71337127685547
2025-04-24 15:00:00,75.81492614746094
2025-04-24 16:00:00,80.95519256591797
2025-04-24 17:00:00,81.72637939453125
2025-04-24 18:00:00,103.37293243408205
2025-04-24 19:00:00,102.66900634765624
2025-04-24 20:00:00,117.25822448730469
2025-04-24 21:00:00,80.16238403320312
2025-04-24 22:00:00,37.77676010131836
2025-04-24 23:00:00,17.179985046386722
2025-04-25 00:00:00,21.96821594238281
2025-04-25 01:00:00,18.42173957824707
2025-04-25 02:00:00,15.665099143981935
2025-04-25 03:00:00,15.378275871276855
2025-04-25 04:00:00,18.11871719360352
2025-04-25 05:00:00,20.176307678222656
2025-04-25 06:00:00,24.90686416625977
2025-04-25 07:00:00,22.76184844970703
2025-04-25 08:00:00,18.825721740722656
2025-04-25 09:00:00,16.088085174560547
2025-04-25 10:00:00,15.02191925048828
2025-04-25 11:00:00,12.275444984436035
2025-04-25 12:00:00,10.657960891723633
2025-04-25 13:00:00,10.875914573669434
2025-04-25 14:00:00,11.697688102722168
2025-04-25 15:00:00,12.73597812652588
2025-04-25 16:00:00,13.58323574066162
2025-04-25 17:00:00,12.871237754821776
2025-04-25 18:00:00,10.88170337677002
2025-04-25 19:00:00,9.705491065979004
2025-04-25 20:00:00,10.837285041809082
2025-04-25 21:00:00,10.941152572631836
2025-04-25 22:00:00,11.965685844421387
2025-04-25 23:00:00,11.115412712097168
2025-04-26 00:00:00,11.22753620147705
2025-04-26 01:00:00,11.51656436920166
2025-04-26 02:00:00,12.326424598693848
2025-04-26 03:00:00,13.758733749389648
2025-04-26 04:00:00,17.383243560791016
2025-04-26 05:00:00,21.847427368164066
2025-04-26 06:00:00,24.16425323486328
2025-04-26 07:00:00,18.927045822143555
2025-04-26 08:00:00,19.6602725982666
2025-04-26 09:00:00,26.31461524963379
2025-04-26 10:00:00,29.56025314331055
2025-04-26 11:00:00,34.08031845092773
2025-04-26 12:00:00,39.35613632202149
2025-04-26 13:00:00,44.26093673706055
2025-04-26 14:00:00,48.91720199584961
2025-04-26 15:00:00,52.27988052368164
2025-04-26 16:00:00,58.68880081176758
2025-04-26 17:00:00,68.58976745605469
2025-04-26 18:00:00,88.56481170654297
2025-04-26 19:00:00,100.57444763183594
2025-04-26 20:00:00,99.81221771240234
2025-04-26 21:00:00,80.15985107421875
2025-04-26 22:00:00,49.73648071289063
2025-04-26 23:00:00,33.33594512939453
2025-04-27 00:00:00,34.273868560791016
2025-04-27 01:00:00,29.43684005737305
2025-04-27 02:00:00,27.03569793701172
2025-04-27 03:00:00,23.03310966491699
2025-04-27 04:00:00,19.538631439208984
2025-04-27 05:00:00,19.52574348449707
2025-04-27 06:00:00,17.799270629882812
2025-04-27 07:00:00,13.65575122833252
2025-04-27 08:00:00,13.09284210205078
2025-04-27 09:00:00,12.804854393005373
2025-04-27 10:00:00,13.490762710571287
2025-04-27 11:00:00,16.67637062072754
2025-04-27 12:00:00,16.136871337890625
2025-04-27 13:00:00,15.850976943969727
2025-04-27 14:00:00,14.78714656829834
2025-04-27 15:00:00,14.443622589111328
2025-04-27 16:00:00,17.50145149230957
2025-04-27 17:00:00,21.006072998046875
2025-04-27 18:00:00,23.03383445739746
2025-04-27 19:00:00,33.19429397583008
2025-04-27 20:00:00,75.233642578125
2025-04-27 21:00:00,44.61848831176758
2025-04-27 22:00:00,37.78520584106445
2025-04-27 23:00:00,41.42269515991211
2025-04-28 00:00:00,96.3538055419922
2025-04-28 01:00:00,62.06536483764648
2025-04-28 02:00:00,60.82983779907226
2025-04-28 03:00:00,68.09352874755861
2025-04-28 04:00:00,76.76805114746094
2025-04-28 05:00:00,92.33978271484376
2025-04-28 06:00:00,94.46922302246094
2025-04-28 07:00:00,63.85820007324219
2025-04-28 08:00:00,38.857608795166016
2025-04-28 09:00:00,27.70170783996582
2025-04-28 10:00:00,28.321311950683594
2025-04-28 11:00:00,35.054725646972656
2025-04-28 12:00:00,32.308238983154304
2025-04-28 13:00:00,33.83250045776367
2025-04-28 14:00:00,37.13748168945313
2025-04-28 15:00:00,37.36251831054688
2025-04-28 16:00:00,33.283279418945305
2025-04-28 17:00:00,25.46124839782715
2025-04-28 18:00:00,21.513427734375
2025-04-28 19:00:00,18.75612068176269
2025-04-28 20:00:00,14.576581001281738
2025-04-28 21:00:00,11.537160873413086
2025-04-28 22:00:00,22.38711929321289
2025-04-28 23:00:00,16.810245513916016
2025-04-29 00:00:00,41.27144241333008
2025-04-29 01:00:00,26.73908615112305
2025-04-29 02:00:00,23.46847915649414
2025-04-29 03:00:00,34.800655364990234
2025-04-29 04:00:00,33.66102981567383
2025-04-29 05:00:00,32.19697952270508
2025-04-29 06:00:00,57.46185302734375
2025-04-29 07:00:00,58.25201034545898
2025-04-29 08:00:00,30.49315643310547
2025-04-29 09:00:00,21.96410369873047
2025-04-29 10:00:00,20.65653419494629
2025-04-29 11:00:00,35.26569747924805
2025-04-29 12:00:00,36.23318099975586
2025-04-29 13:00:00,36.84904098510742
2025-04-29 14:00:00,33.54423141479492
2025-04-29 15:00:00,31.02899169921875
2025-04-29 16:00:00,40.035343170166016
2025-04-29 17:00:00,48.46459579467773
2025-04-29 18:00:00,47.84002304077149
2025-04-29 19:00:00,45.47610855102539
2025-04-29 20:00:00,32.091724395751946
2025-04-29 21:00:00,19.96860122680664
2025-04-29 22:00:00,19.43366241455078
2025-04-29 23:00:00,16.480167388916016
2025-04-30 00:00:00,19.431764602661133
2025-04-30 01:00:00,21.894332885742188
2025-04-30 02:00:00,22.08495140075684
2025-04-30 03:00:00,22.30905532836914
2025-04-30 04:00:00,25.18927764892578
2025-04-30 05:00:00,30.76498031616211
2025-04-30 06:00:00,38.72809219360352
2025-04-30 07:00:00,35.25780487060547
2025-04-30 08:00:00,33.93471908569336
2025-04-30 09:00:00,40.38512802124024
2025-04-30 10:00:00,44.44126510620117
2025-04-30 11:00:00,49.55066680908203
2025-04-30 12:00:00,51.9683952331543
2025-04-30 13:00:00,54.23929977416992
2025-04-30 14:00:00,54.19873428344727
2025-04-30 15:00:00,53.98313522338867
2025-04-30 16:00:00,49.8752326965332
2025-04-30 17:00:00,51.71126174926758
2025-04-30 18:00:00,52.497802734375
2025-04-30 19:00:00,59.03307723999024
2025-04-30 20:00:00,65.1920166015625
2025-04-30 21:00:00,60.77829360961914
2025-04-30 22:00:00,48.40572738647461
2025-04-30 23:00:00,44.26723861694336
2025-05-01 00:00:00,34.00302505493164
2025-05-01 01:00:00,37.79788589477539
2025-05-01 02:00:00,34.531665802001946
2025-05-01 03:00:00,25.5802059173584
2025-05-01 04:00:00,24.766372680664066
2025-05-01 05:00:00,32.235824584960945
2025-05-01 06:00:00,39.63423538208008
2025-05-01 07:00:00,23.134410858154297
2025-05-01 08:00:00,20.44824981689453
2025-05-01 09:00:00,25.18013000488281
2025-05-01 10:00:00,23.35990905761719
2025-05-01 11:00:00,34.79818344116211
2025-05-01 12:00:00,37.58833694458008
2025-05-01 13:00:00,49.56545639038086
2025-05-01 14:00:00,59.36708450317383
2025-05-01 15:00:00,61.75839614868164
2025-05-01 16:00:00,63.2649040222168
2025-05-01 17:00:00,73.10456848144531
2025-05-01 18:00:00,76.22686004638672
2025-05-01 19:00:00,66.92395782470703
2025-05-01 20:00:00,62.57842254638672
2025-05-01 21:00:00,40.47252655029297
2025-05-01 22:00:00,31.27585029602051
2025-05-01 23:00:00,13.526585578918455
2025-05-02 00:00:00,11.067700386047363
2025-05-02 01:00:00,6.288681507110598
2025-05-02 02:00:00,5.464724063873291
2025-05-02 03:00:00,5.862263202667236
2025-05-02 04:00:00,6.6917457580566415
2025-05-02 05:00:00,8.403267860412598
2025-05-02 06:00:00,9.620382308959961
2025-05-02 07:00:00,9.504327774047852
2025-05-02 08:00:00,12.18642807006836
2025-05-02 09:00:00,15.196503639221193
2025-05-02 10:00:00,18.52500534057617
2025-05-02 11:00:00,25.393484115600586
2025-05-02 12:00:00,33.44364547729492
2025-05-02 13:00:00,42.276649475097656
2025-05-02 14:00:00,49.25223159790039
2025-05-02 15:00:00,52.4906005859375
2025-05-02 16:00:00,47.23284530639648
2025-05-02 17:00:00,46.49528884887695
2025-05-02 18:00:00,63.334251403808594
2025-05-02 19:00:00,86.2730712890625
2025-05-02 20:00:00,97.13935089111328
2025-05-02 21:00:00,57.68578720092773
2025-05-02 22:00:00,32.50824737548828
2025-05-02 23:00:00,21.648765563964844
2025-05-03 00:00:00,15.004648208618164
2025-05-03 01:00:00,13.249771118164062
2025-05-03 02:00:00,14.060961723327635
2025-05-03 03:00:00,16.030031204223633
2025-05-03 04:00:00,21.69717025756836
2025-05-03 05:00:00,27.56711006164551
2025-05-03 06:00:00,25.87029266357422
2025-05-03 07:00:00,15.751296043395994
2025-05-03 08:00:00,16.326103210449222
2025-05-03 09:00:00,19.364986419677734
2025-05-03 10:00:00,24.663299560546875
2025-05-03 11:00:00,26.737873077392567
2025-05-03 12:00:00,30.80549240112305
2025-05-03 13:00:00,37.63932418823242
2025-05-03 14:00:00,45.57770538330078
2025-05-03 15:00:00,50.8665657043457
2025-05-03 16:00:00,47.168212890625
2025-05-03 17:00:00,36.89442825317383
2025-05-03 18:00:00,50.78133010864258
2025-05-03 19:00:00,45.66899490356445
2025-05-03 20:00:00,49.90410995483398
2025-05-03 21:00:00,39.2747917175293
2025-05-03 22:00:00,20.27896881103516
2025-05-03 23:00:00,11.021663665771484
2025-05-04 00:00:00,7.241716861724853
2025-05-04 01:00:00,5.484554767608644
2025-05-04 02:00:00,4.922004222869873
2025-05-04 03:00:00,4.752176761627197
2025-05-04 04:00:00,4.512409210205078
2025-05-04 05:00:00,4.561325073242188
2025-05-04 06:00:00,5.600118160247803
2025-05-04 07:00:00,6.811271190643311
2025-05-04 08:00:00,8.685834884643555
2025-05-04 09:00:00,11.569376945495605
2025-05-04 10:00:00,12.262995719909668
2025-05-04 11:00:00,11.763665199279785
2025-05-04 12:00:00,12.71069049835205
2025-05-04 13:00:00,13.644951820373535
2025-05-04 14:00:00,16.673503875732422
2025-05-04 15:00:00,23.87582015991211
2025-05-04 16:00:00,34.916248321533196
2025-05-04 17:00:00,49.6788215637207
2025-05-04 18:00:00,66.57888793945311
2025-05-04 19:00:00,70.40609741210938
2025-05-04 20:00:00,78.56199645996094
2025-05-04 21:00:00,41.85483169555664
2025-05-04 22:00:00,21.69004821777344
2025-05-04 23:00:00,14.084927558898926
2025-05-05 00:00:00,14.78765869140625
2025-05-05 01:00:00,12.71402645111084
2025-05-05 02:00:00,10.26191234588623
2025-05-05 03:00:00,10.200223922729492
2025-05-05 04:00:00,9.517691612243652
2025-05-05 05:00:00,12.047980308532715
2025-05-05 06:00:00,16.517677307128903
2025-05-05 07:00:00,20.126916885375977
2025-05-05 08:00:00,15.444517135620115
2025-05-05 09:00:00,13.371305465698242
2025-05-05 10:00:00,14.000391960144045
2025-05-05 11:00:00,15.436422348022461
2025-05-05 12:00:00,21.02215576171875
2025-05-05 13:00:00,26.3398551940918
2025-05-05 14:00:00,32.14567184448242
2025-05-05 15:00:00,41.01266479492188
2025-05-05 16:00:00,46.46466445922852
2025-05-05 17:00:00,57.22462463378906
2025-05-05 18:00:00,85.64395141601562
2025-05-05 19:00:00,131.47044372558594
2025-05-05 20:00:00,145.00082397460938
2025-05-05 21:00:00,118.5874481201172
2025-05-05 22:00:00,87.86493682861328
2025-05-05 23:00:00,70.46269226074219
2025-05-06 00:00:00,40.63187789916992
2025-05-06 01:00:00,39.14358901977539
2025-05-06 02:00:00,31.815486907958984
2025-05-06 03:00:00,29.15129852294922
2025-05-06 04:00:00,26.579776763916016
2025-05-06 05:00:00,30.238996505737305
2025-05-06 06:00:00,24.920425415039066
2025-05-06 07:00:00,15.300810813903807
2025-05-06 08:00:00,13.444211959838867
2025-05-06 09:00:00,13.976655960083008
2025-05-06 10:00:00,13.670473098754885
2025-05-06 11:00:00,10.210941314697266
2025-05-06 12:00:00,10.874038696289062
2025-05-06 13:00:00,12.4376220703125
2025-05-06 14:00:00,13.094128608703613
2025-05-06 15:00:00,13.624869346618652
2025-05-06 16:00:00,13.85738468170166
2025-05-06 17:00:00,13.362311363220215
2025-05-06 18:00:00,12.902106285095215
2025-05-06 19:00:00,12.854183197021484
2025-05-06 20:00:00,98.54046630859376
2025-05-06 21:00:00,277.87680053710943
2025-05-06 22:00:00,137.47994995117188
2025-05-06 23:00:00,12.382304191589355
2025-05-07 00:00:00,9.419795989990234
2025-05-07 01:00:00,11.71259880065918
2025-05-07 02:00:00,11.049585342407227
2025-05-07 03:00:00,13.359679222106935
2025-05-07 04:00:00,11.428226470947266
2025-05-07 05:00:00,8.331960678100586
2025-05-07 06:00:00,7.386455535888673
2025-05-07 07:00:00,11.749663352966307
2025-05-07 08:00:00,16.385940551757812
2025-05-07 09:00:00,15.926993370056152
2025-05-07 10:00:00,14.357916831970215
2025-05-07 11:00:00,13.79391384124756
2025-05-07 12:00:00,14.194698333740234
2025-05-07 13:00:00,14.26781177520752
2025-05-07 14:00:00,21.23078155517578
2025-05-07 15:00:00,27.916786193847656
2025-05-07 16:00:00,27.5491943359375
2025-05-07 17:00:00,28.18721580505371
2025-05-07 18:00:00,27.564632415771484
2025-05-07 19:00:00,42.842918395996094
2025-05-07 20:00:00,40.8194580078125
2025-05-07 21:00:00,20.0126953125
2025-05-07 22:00:00,10.540793418884276
2025-05-07 23:00:00,7.721553325653076
2025-05-08 00:00:00,8.097077369689941
2025-05-08 01:00:00,6.366521835327148
2025-05-08 02:00:00,5.323436737060547
2025-05-08 03:00:00,4.945863246917725
2025-05-08 04:00:00,4.8791537284851065
2025-05-08 05:00:00,5.222181797027588
2025-05-08 06:00:00,6.083266735076902
2025-05-08 07:00:00,6.846303462982178
2025-05-08 08:00:00,7.42147159576416
2025-05-08 09:00:00,7.778634548187256
2025-05-08 10:00:00,7.869697093963622
2025-05-08 11:00:00,8.700308799743652
2025-05-08 12:00:00,8.962443351745605
2025-05-08 13:00:00,9.508522987365724
2025-05-08 14:00:00,9.594108581542967
2025-05-08 15:00:00,10.031744956970217
2025-05-08 16:00:00,10.591266632080078
2025-05-08 17:00:00,10.992253303527832
2025-05-08 18:00:00,11.676206588745115
2025-05-08 19:00:00,14.758627891540527
2025-05-08 20:00:00,25.40868377685547
2025-05-08 21:00:00,26.15106773376465
2025-05-08 22:00:00,20.22711944580078
2025-05-08 23:00:00,26.34665298461914
2025-05-09 00:00:00,43.63537216186523
2025-05-09 01:00:00,39.52025985717773
2025-05-09 02:00:00,36.16298294067383
2025-05-09 03:00:00,40.35568618774414
2025-05-09 04:00:00,45.85507583618164
2025-05-09 05:00:00,44.42263793945313
2025-05-09 06:00:00,33.899253845214844
2025-05-09 07:00:00,15.388442039489744
2025-05-09 08:00:00,12.435513496398926
2025-05-09 09:00:00,10.815329551696776
2025-05-09 10:00:00,10.259780883789062
2025-05-09 11:00:00,10.580032348632812
2025-05-09 12:00:00,11.832465171813965
2025-05-09 13:00:00,14.692755699157715
2025-05-09 14:00:00,16.528629302978516
2025-05-09 15:00:00,15.860355377197266
2025-05-09 16:00:00,14.779624938964846
2025-05-09 17:00:00,14.600361824035645
2025-05-09 18:00:00,17.201898574829098
2025-05-09 19:00:00,24.692949295043945
2025-05-09 20:00:00,27.28628349304199
2025-05-09 21:00:00,23.45634460449219
2025-05-09 22:00:00,17.871871948242188
2025-05-09 23:00:00,14.223474502563475
2025-05-10 00:00:00,16.972770690917972
2025-05-10 01:00:00,19.47649383544922
2025-05-10 02:00:00,21.35460662841797
2025-05-10 03:00:00,25.348976135253906
2025-05-10 04:00:00,31.98130226135254
2025-05-10 05:00:00,37.22947311401367
2025-05-10 06:00:00,35.67814636230469
2025-05-10 07:00:00,30.601333618164066
2025-05-10 08:00:00,23.09314727783203
2025-05-10 09:00:00,22.47480773925781
2025-05-10 10:00:00,24.722827911376953
2025-05-10 11:00:00,22.380970001220703
2025-05-10 12:00:00,24.075672149658203
2025-05-10 13:00:00,25.00942420959473
2025-05-10 14:00:00,26.665924072265625
2025-05-10 15:00:00,24.22781753540039
2025-05-10 16:00:00,22.658145904541016
2025-05-10 17:00:00,21.61028289794922
2025-05-10 18:00:00,21.66356086730957
2025-05-10 19:00:00,21.84256362915039
2025-05-10 20:00:00,16.54239845275879
2025-05-10 21:00:00,12.27169704437256
2025-05-10 22:00:00,11.159466743469238
2025-05-10 23:00:00,9.13696002960205
2025-05-11 00:00:00,9.6987886428833
2025-05-11 01:00:00,6.598206996917725
2025-05-11 02:00:00,8.176830291748049
2025-05-11 03:00:00,8.545873641967772
2025-05-11 04:00:00,9.735882759094238
2025-05-11 05:00:00,11.896506309509276
2025-05-11 06:00:00,15.118656158447266
2025-05-11 07:00:00,20.043479919433594
2025-05-11 08:00:00,27.376039505004893
2025-05-11 09:00:00,27.70668792724609
2025-05-11 10:00:00,26.69882202148437
2025-05-11 11:00:00,30.62865447998047
2025-05-11 12:00:00,31.187042236328125
2025-05-11 13:00:00,34.34379196166992
2025-05-11 14:00:00,33.30242919921875
2025-05-11 15:00:00,31.56821060180664
2025-05-11 16:00:00,34.81129837036133
2025-05-11 17:00:00,36.5579719543457
2025-05-11 18:00:00,45.09737777709961
2025-05-11 19:00:00,48.86807632446289
2025-05-11 20:00:00,52.2931022644043
2025-05-11 21:00:00,55.12237930297852
2025-05-11 22:00:00,30.751014709472656
2025-05-11 23:00:00,19.115203857421875
2025-05-12 00:00:00,23.643672943115234
2025-05-12 01:00:00,21.018306732177734
2025-05-12 02:00:00,23.38406181335449
2025-05-12 03:00:00,18.406864166259766
2025-05-12 04:00:00,21.12635040283203
2025-05-12 05:00:00,24.738483428955078
2025-05-12 06:00:00,31.42685317993164
2025-05-12 07:00:00,36.35952758789063
2025-05-12 08:00:00,39.9710578918457
2025-05-12 09:00:00,35.02597427368164
2025-05-12 10:00:00,25.735843658447266
2025-05-12 11:00:00,18.47300910949707
2025-05-12 12:00:00,17.912548065185547
2025-05-12 13:00:00,21.807924270629886
2025-05-12 14:00:00,16.571159362792972
2025-05-12 15:00:00,15.239424705505373
2025-05-12 16:00:00,13.991329193115234
2025-05-12 17:00:00,13.862626075744627
2025-05-12 18:00:00,14.33853244781494
2025-05-12 19:00:00,16.98455810546875
2025-05-12 20:00:00,52.10063934326172
2025-05-12 21:00:00,49.76779556274414
2025-05-12 22:00:00,32.77972412109375
2025-05-12 23:00:00,9.380707740783693
2025-05-13 00:00:00,8.120964050292969
2025-05-13 01:00:00,8.823258399963379
2025-05-13 02:00:00,10.008523941040039
2025-05-13 03:00:00,10.872784614562988
2025-05-13 04:00:00,10.859684944152832
2025-05-13 05:00:00,11.393355369567873
2025-05-13 06:00:00,14.138714790344238
2025-05-13 07:00:00,14.943685531616213
2025-05-13 08:00:00,15.55849552154541
2025-05-13 09:00:00,15.588908195495605
2025-05-13 10:00:00,76.48544311523438
2025-05-13 11:00:00,76.83403015136719
2025-05-13 12:00:00,31.416446685791016
2025-05-13 13:00:00,23.199642181396484
2025-05-13 14:00:00,24.11433029174805
2025-05-13 15:00:00,25.57037353515625
2025-05-13 16:00:00,29.14471435546875
2025-05-13 17:00:00,23.550739288330078
2025-05-13 18:00:00,29.22230339050293
2025-05-13 19:00:00,78.10174560546875
2025-05-13 20:00:00,112.1348876953125
2025-05-13 21:00:00,99.68569946289062
2025-05-13 22:00:00,95.82623291015624
2025-05-13 23:00:00,93.7173843383789
2025-05-14 00:00:00,43.45165252685547
2025-05-14 01:00:00,35.953243255615234
2025-05-14 02:00:00,32.69451141357422
2025-05-14 03:00:00,34.133251190185554
2025-05-14 04:00:00,36.025447845458984
2025-05-14 05:00:00,43.33869934082031
2025-05-14 06:00:00,34.099925994873054
2025-05-14 07:00:00,20.396678924560547
2025-05-14 08:00:00,16.628280639648438
2025-05-14 09:00:00,17.124744415283207
2025-05-14 10:00:00,21.753604888916016
2025-05-14 11:00:00,27.16949462890625
2025-05-14 12:00:00,32.89798355102539
2025-05-14 13:00:00,43.04121780395508
2025-05-14 14:00:00,48.93020248413086
2025-05-14 15:00:00,48.24236297607422
2025-05-14 16:00:00,39.85406875610352
2025-05-14 17:00:00,74.93702697753906
2025-05-14 18:00:00,47.33963394165039
2025-05-14 19:00:00,90.97265625
2025-05-14 20:00:00,468.8863220214844
2025-05-14 21:00:00,587.966064453125
2025-05-14 22:00:00,435.36767578125
2025-05-14 23:00:00,25.95837593078613
2025-05-15 00:00:00,25.16709327697754
2025-05-15 01:00:00,17.717674255371094
2025-05-15 02:00:00,18.06953430175781
2025-05-15 03:00:00,22.129924774169922
2025-05-15 04:00:00,24.880695343017567
2025-05-15 05:00:00,21.205093383789066
2025-05-15 06:00:00,18.597164154052734
2025-05-15 07:00:00,16.8204345703125
2025-05-15 08:00:00,19.976577758789066
2025-05-15 09:00:00,18.781028747558594
2025-05-15 10:00:00,15.144286155700685
2025-05-15 11:00:00,13.802119255065918
2025-05-15 12:00:00,15.107264518737793
2025-05-15 13:00:00,16.72343635559082
2025-05-15 14:00:00,16.679006576538086
2025-05-15 15:00:00,17.244890213012695
2025-05-15 16:00:00,15.579843521118164
2025-05-15 17:00:00,14.562800407409668
2025-05-15 18:00:00,14.559285163879395
2025-05-15 19:00:00,18.22970962524414
2025-05-15 20:00:00,31.24000740051269
2025-05-15 21:00:00,55.35359191894531
2025-05-15 22:00:00,40.41548538208008
2025-05-15 23:00:00,43.60295867919922
2025-05-16 00:00:00,44.168128967285156
2025-05-16 01:00:00,54.40544509887695
2025-05-16 02:00:00,53.32757949829102
2025-05-16 03:00:00,49.32136154174805
2025-05-16 04:00:00,51.11471557617188
2025-05-16 05:00:00,64.85681915283203
2025-05-16 06:00:00,69.58274841308594
2025-05-16 07:00:00,54.88262557983398
2025-05-16 08:00:00,37.80559158325195
2025-05-16 09:00:00,30.96647453308105
2025-05-16 10:00:00,28.08822250366211
2025-05-16 11:00:00,22.47321319580078
2025-05-16 12:00:00,23.784425735473643
2025-05-16 13:00:00,25.521743774414066
2025-05-16 14:00:00,27.687641143798828
2025-05-16 15:00:00,32.901123046875
2025-05-16 16:00:00,35.21516036987305
2025-05-16 17:00:00,38.48891830444336
2025-05-16 18:00:00,57.357421875
2025-05-16 19:00:00,67.10690307617189
2025-05-16 20:00:00,55.65406036376953
2025-05-16 21:00:00,48.12456130981445
2025-05-16 22:00:00,59.45946502685547
2025-05-16 23:00:00,162.75146484375
2025-05-17 00:00:00,39.117000579833984
2025-05-17 01:00:00,31.81433868408203
2025-05-17 02:00:00,28.263599395751953
2025-05-17 03:00:00,26.626667022705078
2025-05-17 04:00:00,34.40378189086914
2025-05-17 05:00:00,42.95858383178711
2025-05-17 06:00:00,44.48699569702149
2025-05-17 07:00:00,36.72515487670898
2025-05-17 08:00:00,32.238948822021484
2025-05-17 09:00:00,25.009531021118164
2025-05-17 10:00:00,24.07746505737305
2025-05-17 11:00:00,25.1204776763916
2025-05-17 12:00:00,24.275867462158203
2025-05-17 13:00:00,21.322731018066406
2025-05-17 14:00:00,16.663410186767578
2025-05-17 15:00:00,17.07904052734375
2025-05-17 16:00:00,18.732303619384766
2025-05-17 17:00:00,18.36467742919922
2025-05-17 18:00:00,19.70030975341797
2025-05-17 19:00:00,23.87405014038086
2025-05-17 20:00:00,33.76382064819336
2025-05-17 21:00:00,20.259031295776367
2025-05-17 22:00:00,12.44642162322998
2025-05-17 23:00:00,10.773364067077637
2025-05-18 00:00:00,10.747020721435547
2025-05-18 01:00:00,21.63286018371582
2025-05-18 02:00:00,16.33474349975586
2025-05-18 03:00:00,13.363421440124512
2025-05-18 04:00:00,12.0717134475708
2025-05-18 05:00:00,13.736651420593262
2025-05-18 06:00:00,15.203520774841307
2025-05-18 07:00:00,17.62594223022461
2025-05-18 08:00:00,18.515031814575195
2025-05-18 09:00:00,18.822776794433594
2025-05-18 10:00:00,18.47494888305664
2025-05-18 11:00:00,18.3991813659668
2025-05-18 12:00:00,17.899932861328125
2025-05-18 13:00:00,15.254525184631348
2025-05-18 14:00:00,12.489035606384276
2025-05-18 15:00:00,11.66329574584961
2025-05-18 16:00:00,10.951736450195312
2025-05-18 17:00:00,11.065144538879396
2025-05-18 18:00:00,11.879382133483887
2025-05-18 19:00:00,12.02584743499756
2025-05-18 20:00:00,12.841963768005373
2025-05-18 21:00:00,11.418689727783205
2025-05-18 22:00:00,9.500664710998535
2025-05-18 23:00:00,8.39358901977539
2025-05-19 00:00:00,9.396291732788086
2025-05-19 01:00:00,10.426880836486816
2025-05-19 02:00:00,12.04186725616455
2025-05-19 03:00:00,13.469695091247559
2025-05-19 04:00:00,16.321767807006836
2025-05-19 05:00:00,19.943632125854492
2025-05-19 06:00:00,21.63776397705078
2025-05-19 07:00:00,22.34048080444336
2025-05-19 08:00:00,21.4768009185791
2025-05-19 09:00:00,19.16128158569336
2025-05-19 10:00:00,16.504941940307617
2025-05-19 11:00:00,13.584332466125488
2025-05-19 12:00:00,11.775012969970703
2025-05-19 13:00:00,10.803229331970215
2025-05-19 14:00:00,10.237854957580566
2025-05-19 15:00:00,9.765950202941895
2025-05-19 16:00:00,10.025216102600098
2025-05-19 17:00:00,10.661015510559082
2025-05-19 18:00:00,10.903002738952637
2025-05-19 19:00:00,11.340014457702637
2025-05-19 20:00:00,11.057963371276855
2025-05-19 21:00:00,9.620942115783691
